Accession,Species,Length,Geo_Location,Isolation_Source,Collection_Date
NC_045512,Severe acute respiratory syndrome-related coronavirus,29903,China,,2019-12
MT263381,Severe acute respiratory syndrome-related coronavirus,29910,USA,,2020-03-23
MT263382,Severe acute respiratory syndrome-related coronavirus,29900,USA,,2020-03-23
MT263383,Severe acute respiratory syndrome-related coronavirus,29797,USA,,2020-03-24
MT263384,Severe acute respiratory syndrome-related coronavirus,29793,USA,,2020-03-23
MT263385,Severe acute respiratory syndrome-related coronavirus,29610,USA,,2020-03-23
MT263386,Severe acute respiratory syndrome-related coronavirus,29808,USA,,2020-03-22
MT263387,Severe acute respiratory syndrome-related coronavirus,29852,USA,,2020-03-23
MT263388,Severe acute respiratory syndrome-related coronavirus,29740,USA,,2020-03-23
MT263389,Severe acute respiratory syndrome-related coronavirus,29454,USA,,2020-03-23
MT263390,Severe acute respiratory syndrome-related coronavirus,29761,USA,,2020-03-24
MT263391,Severe acute respiratory syndrome-related coronavirus,29911,USA,,2020-03-24
MT263392,Severe acute respiratory syndrome-related coronavirus,29843,USA,,2020-03-24
MT263393,Severe acute respiratory syndrome-related coronavirus,29529,USA,,2020-03-23
MT263394,Severe acute respiratory syndrome-related coronavirus,29697,USA,,2020-03-22
MT263395,Severe acute respiratory syndrome-related coronavirus,29904,USA,,2020-03-24
MT263396,Severe acute respiratory syndrome-related coronavirus,29903,USA,,2020-03-22
MT263397,Severe acute respiratory syndrome-related coronavirus,29601,USA,,2020-03-24
MT263398,Severe acute respiratory syndrome-related coronavirus,29884,USA,,2020-03-24
MT263399,Severe acute respiratory syndrome-related coronavirus,29886,USA,,2020-03-24
MT263400,Severe acute respiratory syndrome-related coronavirus,29841,USA,,2020-03-23
MT263401,Severe acute respiratory syndrome-related coronavirus,29473,USA,,2020-03-23
MT263441,Severe acute respiratory syndrome-related coronavirus,29793,USA,,2020-03-24
MT263442,Severe acute respiratory syndrome-related coronavirus,29819,USA,,2020-03-24
MT263443,Severe acute respiratory syndrome-related coronavirus,29869,USA,,2020-03-24
MT263444,Severe acute respiratory syndrome-related coronavirus,29857,USA,,2020-03-20
MT263445,Severe acute respiratory syndrome-related coronavirus,29868,USA,,2020-03-24
MT263446,Severe acute respiratory syndrome-related coronavirus,29872,USA,,2020-03-24
MT263447,Severe acute respiratory syndrome-related coronavirus,29868,USA,,2020-03-14
MT263448,Severe acute respiratory syndrome-related coronavirus,29828,USA,,2020-03-24
MT263449,Severe acute respiratory syndrome-related coronavirus,29828,USA,,2020-03-24
MT263450,Severe acute respiratory syndrome-related coronavirus,29841,USA,,2020-03-24
MT263451,Severe acute respiratory syndrome-related coronavirus,29693,USA,,2020-03-24
MT263452,Severe acute respiratory syndrome-related coronavirus,29833,USA,,2020-03-24
MT263453,Severe acute respiratory syndrome-related coronavirus,29777,USA,,2020-03-24
MT263454,Severe acute respiratory syndrome-related coronavirus,29837,USA,,2020-03-24
MT263455,Severe acute respiratory syndrome-related coronavirus,29705,USA,,2020-03-24
MT263456,Severe acute respiratory syndrome-related coronavirus,29775,USA,,2020-03-24
MT263457,Severe acute respiratory syndrome-related coronavirus,29801,USA,,2020-03-24
MT263458,Severe acute respiratory syndrome-related coronavirus,29881,USA,,2020-03-23
MT263402,Severe acute respiratory syndrome-related coronavirus,29844,USA,,2020-03-23
MT263403,Severe acute respiratory syndrome-related coronavirus,29878,USA,,2020-03-20
MT263404,Severe acute respiratory syndrome-related coronavirus,29866,USA,,2020-03-24
MT263405,Severe acute respiratory syndrome-related coronavirus,29834,USA,,2020-03-21
MT263407,Severe acute respiratory syndrome-related coronavirus,29575,USA,,2020-03-22
MT263409,Severe acute respiratory syndrome-related coronavirus,29443,USA,,2020-03-22
MT263410,Severe acute respiratory syndrome-related coronavirus,29871,USA,,2020-03-24
MT263413,Severe acute respiratory syndrome-related coronavirus,29862,USA,,2020-03-24
MT263414,Severe acute respiratory syndrome-related coronavirus,29830,USA,,2020-03-24
MT263416,Severe acute respiratory syndrome-related coronavirus,29815,USA,,2020-03-21
MT263419,Severe acute respiratory syndrome-related coronavirus,29853,USA,,2020-03-20
MT263421,Severe acute respiratory syndrome-related coronavirus,29900,USA,,2020-03-24
MT263424,Severe acute respiratory syndrome-related coronavirus,29830,USA,,2020-03-24
MT263425,Severe acute respiratory syndrome-related coronavirus,29841,USA,,2020-03-24
MT263429,Severe acute respiratory syndrome-related coronavirus,29889,USA,,2020-03-24
MT263431,Severe acute respiratory syndrome-related coronavirus,29863,USA,,2020-03-24
MT263432,Severe acute respiratory syndrome-related coronavirus,29866,USA,,2020-03-24
MT263435,Severe acute respiratory syndrome-related coronavirus,29882,USA,,2020-03-24
MT263438,Severe acute respiratory syndrome-related coronavirus,29872,USA,,2020-03-24
MT263440,Severe acute respiratory syndrome-related coronavirus,29863,USA,,2020-03-24
MT263460,Severe acute respiratory syndrome-related coronavirus,29755,USA,,2020-03-24
MT263462,Severe acute respiratory syndrome-related coronavirus,29764,USA,,2020-03-23
MT263463,Severe acute respiratory syndrome-related coronavirus,29868,USA,,2020-03-23
MT263464,Severe acute respiratory syndrome-related coronavirus,29832,USA,,2020-03-23
MT263465,Severe acute respiratory syndrome-related coronavirus,29867,USA,,2020-03-23
MT263468,Severe acute respiratory syndrome-related coronavirus,29892,USA,,2020-03-23
MT263469,Severe acute respiratory syndrome-related coronavirus,29857,USA,,2020-03-23
MT262896,Severe acute respiratory syndrome-related coronavirus,29882,USA,,2020-03-13
MT262897,Severe acute respiratory syndrome-related coronavirus,29882,USA,,2020-03-13
MT262898,Severe acute respiratory syndrome-related coronavirus,29882,USA,,2020-03-13
MT262899,Severe acute respiratory syndrome-related coronavirus,29882,USA,,2020-03-13
MT262900,Severe acute respiratory syndrome-related coronavirus,29882,USA,,2020-03-13
MT262901,Severe acute respiratory syndrome-related coronavirus,29882,USA,,2020-03-13
MT262902,Severe acute respiratory syndrome-related coronavirus,29882,USA,,2020-03-13
MT262903,Severe acute respiratory syndrome-related coronavirus,29882,USA,,2020-03-13
MT262904,Severe acute respiratory syndrome-related coronavirus,29882,USA,,2020-03-13
MT262905,Severe acute respiratory syndrome-related coronavirus,29882,USA,,2020-03-13
MT262906,Severe acute respiratory syndrome-related coronavirus,29882,USA,,2020-03-13
MT262911,Severe acute respiratory syndrome-related coronavirus,29882,USA,,2020-03-13
MT262912,Severe acute respiratory syndrome-related coronavirus,29882,USA,,2020-03-13
MT262913,Severe acute respiratory syndrome-related coronavirus,29882,USA,,2020-03-13
MT262993,Severe acute respiratory syndrome-related coronavirus,29836,Pakistan,oronasopharynx,2020-03-12
MT263074,Severe acute respiratory syndrome-related coronavirus,29856,Peru,,2020-03-10
MT262909,Severe acute respiratory syndrome-related coronavirus,29882,USA,,2020-03-13
MT262910,Severe acute respiratory syndrome-related coronavirus,29882,USA,,2020-03-13
MT262907,Severe acute respiratory syndrome-related coronavirus,29882,USA,,2020-03-13
MT262908,Severe acute respiratory syndrome-related coronavirus,29882,USA,,2020-03-13
MT263406,Severe acute respiratory syndrome-related coronavirus,29887,USA,,2020-03-21
MT263408,Severe acute respiratory syndrome-related coronavirus,29810,USA,,2020-03-24
MT263411,Severe acute respiratory syndrome-related coronavirus,29866,USA,,2020-03-24
MT263412,Severe acute respiratory syndrome-related coronavirus,29829,USA,,2020-03-22
MT263415,Severe acute respiratory syndrome-related coronavirus,29840,USA,,2020-03-24
MT263417,Severe acute respiratory syndrome-related coronavirus,29871,USA,,2020-03-24
MT263418,Severe acute respiratory syndrome-related coronavirus,29876,USA,,2020-03-24
MT263420,Severe acute respiratory syndrome-related coronavirus,29839,USA,,2020-03-20
MT263422,Severe acute respiratory syndrome-related coronavirus,29837,USA,,2020-03-24
MT263423,Severe acute respiratory syndrome-related coronavirus,29829,USA,,2020-03-23
MT263426,Severe acute respiratory syndrome-related coronavirus,29792,USA,,2020-03-24
MT263427,Severe acute respiratory syndrome-related coronavirus,29818,USA,,2020-03-24
MT263428,Severe acute respiratory syndrome-related coronavirus,29778,USA,,2020-03-24
MT263430,Severe acute respiratory syndrome-related coronavirus,29838,USA,,2020-03-24
MT263433,Severe acute respiratory syndrome-related coronavirus,29853,USA,,2020-03-24
MT263434,Severe acute respiratory syndrome-related coronavirus,29790,USA,,2020-03-24
MT263436,Severe acute respiratory syndrome-related coronavirus,29846,USA,,2020-03-24
MT263437,Severe acute respiratory syndrome-related coronavirus,29871,USA,,2020-03-24
MT263439,Severe acute respiratory syndrome-related coronavirus,29863,USA,,2020-03-24
MT263459,Severe acute respiratory syndrome-related coronavirus,29917,USA,,2020-03-24
MT263461,Severe acute respiratory syndrome-related coronavirus,29828,USA,,2020-03-22
MT263466,Severe acute respiratory syndrome-related coronavirus,29634,USA,,2020-03-23
MT263467,Severe acute respiratory syndrome-related coronavirus,29853,USA,,2020-03-23
MT262916,Severe acute respiratory syndrome-related coronavirus,29882,USA,,2020-03-13
MT262915,Severe acute respiratory syndrome-related coronavirus,29882,USA,,2020-03-13
MT262914,Severe acute respiratory syndrome-related coronavirus,29882,USA,,2020-03-13
MT259237,Severe acute respiratory syndrome-related coronavirus,29864,USA,,2020-03-16
MT259260,Severe acute respiratory syndrome-related coronavirus,29871,USA,,2020-03-16
MT259261,Severe acute respiratory syndrome-related coronavirus,29837,USA,,2020-03-16
MT259270,Severe acute respiratory syndrome-related coronavirus,29436,USA,,2020-03-16
MT259271,Severe acute respiratory syndrome-related coronavirus,29864,USA,,2020-03-15
MT259280,Severe acute respiratory syndrome-related coronavirus,29642,USA,,2020-03-15
MT259241,Severe acute respiratory syndrome-related coronavirus,29682,USA,,2020-03-16
MT259242,Severe acute respiratory syndrome-related coronavirus,29173,USA,,2020-03-14
MT259247,Severe acute respiratory syndrome-related coronavirus,29646,USA,,2020-03-16
MT259252,Severe acute respiratory syndrome-related coronavirus,29790,USA,,2020-03-14
MT259256,Severe acute respiratory syndrome-related coronavirus,29833,USA,,2020-03-13
MT259263,Severe acute respiratory syndrome-related coronavirus,29878,USA,,2020-03-13
MT259264,Severe acute respiratory syndrome-related coronavirus,29836,USA,,2020-03-13
MT259274,Severe acute respiratory syndrome-related coronavirus,29779,USA,,2020-03-14
MT259275,Severe acute respiratory syndrome-related coronavirus,29841,USA,,2020-03-14
MT259276,Severe acute respiratory syndrome-related coronavirus,29872,USA,,2020-03-15
MT259283,Severe acute respiratory syndrome-related coronavirus,29192,USA,,2020-03-15
MT259251,Severe acute respiratory syndrome-related coronavirus,29884,USA,,2020-03-14
MT259279,Severe acute respiratory syndrome-related coronavirus,29399,USA,,2020-03-15
MT259235,Severe acute respiratory syndrome-related coronavirus,29751,USA,,2020-03-13
MT259238,Severe acute respiratory syndrome-related coronavirus,29161,USA,,2020-03-16
MT259239,Severe acute respiratory syndrome-related coronavirus,29583,USA,,2020-03-16
MT259240,Severe acute respiratory syndrome-related coronavirus,29544,USA,,2020-03-16
MT259249,Severe acute respiratory syndrome-related coronavirus,29821,USA,,2020-03-13
MT259282,Severe acute respiratory syndrome-related coronavirus,29815,USA,,2020-03-15
MT256917,Severe acute respiratory syndrome-related coronavirus,29782,Spain,,2020-03-02
MT256918,Severe acute respiratory syndrome-related coronavirus,29782,Spain,,2020-03-06
MT258381,Severe acute respiratory syndrome-related coronavirus,29899,USA,,2020-03-18
MT258382,Severe acute respiratory syndrome-related coronavirus,29885,USA,,2020-03-18
MT258383,Severe acute respiratory syndrome-related coronavirus,29887,USA,,2020-03-18
MT259250,Severe acute respiratory syndrome-related coronavirus,29702,USA,,2020-03-14
MT259259,Severe acute respiratory syndrome-related coronavirus,29280,USA,,2020-03-16
MT259269,Severe acute respiratory syndrome-related coronavirus,29894,USA,,2020-03-14
MT258377,Severe acute respiratory syndrome-related coronavirus,29888,USA,,2020-03-18
MT259236,Severe acute respiratory syndrome-related coronavirus,29883,USA,,2020-03-16
MT259281,Severe acute respiratory syndrome-related coronavirus,29839,USA,,2020-03-15
MT258380,Severe acute respiratory syndrome-related coronavirus,29890,USA,,2020-03-18
MT256924,Severe acute respiratory syndrome-related coronavirus,29782,Colombia,,2020-03-11
MT258379,Severe acute respiratory syndrome-related coronavirus,29892,USA,,2020-03-18
MT259245,Severe acute respiratory syndrome-related coronavirus,29826,USA,,2020-03-15
MT259254,Severe acute respiratory syndrome-related coronavirus,29887,USA,,2020-03-16
MT259255,Severe acute respiratory syndrome-related coronavirus,29450,USA,,2020-03-16
MT259257,Severe acute respiratory syndrome-related coronavirus,29868,USA,,2020-03-16
MT259262,Severe acute respiratory syndrome-related coronavirus,29599,USA,,2020-03-14
MT259266,Severe acute respiratory syndrome-related coronavirus,29776,USA,,2020-03-13
MT259268,Severe acute respiratory syndrome-related coronavirus,29759,USA,,2020-03-13
MT259284,Severe acute respiratory syndrome-related coronavirus,29432,USA,,2020-03-15
MT259285,Severe acute respiratory syndrome-related coronavirus,29831,USA,,2020-03-15
MT259286,Severe acute respiratory syndrome-related coronavirus,29857,USA,,2020-03-15
MT259287,Severe acute respiratory syndrome-related coronavirus,29688,USA,,2020-03-15
MT258378,Severe acute respiratory syndrome-related coronavirus,29892,USA,,2020-03-18
MT259243,Severe acute respiratory syndrome-related coronavirus,29757,USA,,2020-03-13
MT259244,Severe acute respiratory syndrome-related coronavirus,29865,USA,,2020-03-16
MT259246,Severe acute respiratory syndrome-related coronavirus,29842,USA,,2020-03-13
MT259248,Severe acute respiratory syndrome-related coronavirus,29879,USA,,2020-03-14
MT259253,Severe acute respiratory syndrome-related coronavirus,29813,USA,,2020-03-16
MT259258,Severe acute respiratory syndrome-related coronavirus,29657,USA,,2020-03-13
MT259265,Severe acute respiratory syndrome-related coronavirus,29468,USA,,2020-03-13
MT259267,Severe acute respiratory syndrome-related coronavirus,29852,USA,,2020-03-14
MT259272,Severe acute respiratory syndrome-related coronavirus,29389,USA,,2020-03-13
MT259273,Severe acute respiratory syndrome-related coronavirus,29892,USA,,2020-03-15
MT259277,Severe acute respiratory syndrome-related coronavirus,29881,USA,,2020-03-15
MT259278,Severe acute respiratory syndrome-related coronavirus,29897,USA,,2020-03-15
MT259226,Severe acute respiratory syndrome-related coronavirus,29868,China,oronasopharynx,2020-01-10
MT259227,Severe acute respiratory syndrome-related coronavirus,29863,China,oronasopharynx,2020-01-26
MT259228,Severe acute respiratory syndrome-related coronavirus,29861,China,oronasopharynx,2020-01-26
MT259229,Severe acute respiratory syndrome-related coronavirus,29864,China,oronasopharynx,2020-01-26
MT259230,Severe acute respiratory syndrome-related coronavirus,29866,China,oronasopharynx,2020-01-25
MT259231,Severe acute respiratory syndrome-related coronavirus,29865,China,oronasopharynx,2020-01-25
LC534418,Severe acute respiratory syndrome-related coronavirus,29878,Japan,"lung, oronasopharynx",2020-02-14
LC534419,Severe acute respiratory syndrome-related coronavirus,29874,Japan,oronasopharynx,2020-03-09
MT253705,Severe acute respiratory syndrome-related coronavirus,29781,China,"lung, oronasopharynx",2020-01-22
MT253707,Severe acute respiratory syndrome-related coronavirus,29781,China,"lung, oronasopharynx",2020-01-25
MT251977,Severe acute respiratory syndrome-related coronavirus,29829,USA,,2020-03-14
MT251978,Severe acute respiratory syndrome-related coronavirus,29905,USA,,2020-03-14
MT253704,Severe acute respiratory syndrome-related coronavirus,29781,China,"lung, oronasopharynx",2020-01-25
MT251972,Severe acute respiratory syndrome-related coronavirus,29861,USA,,2020-03-14
MT251973,Severe acute respiratory syndrome-related coronavirus,29871,USA,,2020-03-14
MT251974,Severe acute respiratory syndrome-related coronavirus,29852,USA,,2020-03-12
MT251975,Severe acute respiratory syndrome-related coronavirus,29875,USA,,2020-03-14
MT251976,Severe acute respiratory syndrome-related coronavirus,29899,USA,,2020-03-14
MT253708,Severe acute respiratory syndrome-related coronavirus,29781,China,"lung, oronasopharynx",2020-01-21
MT253706,Severe acute respiratory syndrome-related coronavirus,29781,China,"lung, oronasopharynx",2020-01-22
MT251979,Severe acute respiratory syndrome-related coronavirus,29839,USA,,2020-03-14
MT251980,Severe acute respiratory syndrome-related coronavirus,29845,USA,,2020-03-13
MT253696,Severe acute respiratory syndrome-related coronavirus,29781,China,"lung, oronasopharynx",2020-01-23
MT253697,Severe acute respiratory syndrome-related coronavirus,29781,China,"lung, oronasopharynx",2020-01-23
MT253698,Severe acute respiratory syndrome-related coronavirus,29781,China,"lung, oronasopharynx",2020-01-23
MT253699,Severe acute respiratory syndrome-related coronavirus,29781,China,"lung, oronasopharynx",2020-01-24
MT253700,Severe acute respiratory syndrome-related coronavirus,29781,China,"lung, oronasopharynx",2020-01-25
MT253701,Severe acute respiratory syndrome-related coronavirus,29781,China,"lung, oronasopharynx",2020-01-21
MT253702,Severe acute respiratory syndrome-related coronavirus,29781,China,"lung, oronasopharynx",2020-01-21
MT253703,Severe acute respiratory syndrome-related coronavirus,29781,China,"lung, oronasopharynx",2020-01-25
MT253709,Severe acute respiratory syndrome-related coronavirus,29781,China,"lung, oronasopharynx",2020-01-21
MT253710,Severe acute respiratory syndrome-related coronavirus,29781,China,"lung, oronasopharynx",2020-01-21
MT246473,Severe acute respiratory syndrome-related coronavirus,29825,USA,,2020-03-14
MT246475,Severe acute respiratory syndrome-related coronavirus,29877,USA,,2020-03-13
MT246474,Severe acute respiratory syndrome-related coronavirus,29884,USA,,2020-03-14
MT246468,Severe acute respiratory syndrome-related coronavirus,29843,USA,,2020-03-14
MT246469,Severe acute respiratory syndrome-related coronavirus,29869,USA,,2020-03-14
MT246470,Severe acute respiratory syndrome-related coronavirus,29860,USA,,2020-03-13
MT246471,Severe acute respiratory syndrome-related coronavirus,29871,USA,,2020-03-14
MT246472,Severe acute respiratory syndrome-related coronavirus,29810,USA,,2020-03-12
MT246486,Severe acute respiratory syndrome-related coronavirus,29867,USA,,2020-03-14
MT246487,Severe acute respiratory syndrome-related coronavirus,29883,USA,,2020-03-15
MT246451,Severe acute respiratory syndrome-related coronavirus,29868,USA,,2020-03-13
MT246452,Severe acute respiratory syndrome-related coronavirus,29888,USA,,2020-03-13
MT246453,Severe acute respiratory syndrome-related coronavirus,29823,USA,,2020-03-13
MT246454,Severe acute respiratory syndrome-related coronavirus,29892,USA,,2020-03-12
MT246455,Severe acute respiratory syndrome-related coronavirus,29857,USA,,2020-03-12
MT246456,Severe acute respiratory syndrome-related coronavirus,29846,USA,,2020-03-13
MT246457,Severe acute respiratory syndrome-related coronavirus,29843,USA,,2020-03-12
MT246460,Severe acute respiratory syndrome-related coronavirus,29917,USA,,2020-03-12
MT246476,Severe acute respiratory syndrome-related coronavirus,29863,USA,,2020-03-13
MT246477,Severe acute respiratory syndrome-related coronavirus,29886,USA,,2020-03-14
MT246478,Severe acute respiratory syndrome-related coronavirus,29889,USA,,2020-03-14
MT246479,Severe acute respiratory syndrome-related coronavirus,29828,USA,,2020-03-13
MT246480,Severe acute respiratory syndrome-related coronavirus,29904,USA,,2020-03-13
MT246481,Severe acute respiratory syndrome-related coronavirus,29873,USA,,2020-03-13
MT246458,Severe acute respiratory syndrome-related coronavirus,29765,USA,,2020-03-12
MT246488,Severe acute respiratory syndrome-related coronavirus,29842,USA,,2020-03-14
MT246489,Severe acute respiratory syndrome-related coronavirus,29864,USA,,2020-03-14
MT246490,Severe acute respiratory syndrome-related coronavirus,29850,USA,,2020-03-15
MT246667,Severe acute respiratory syndrome-related coronavirus,29867,USA,oronasopharynx,2020-01-19
MT246484,Severe acute respiratory syndrome-related coronavirus,29870,USA,,2020-03-15
MT246485,Severe acute respiratory syndrome-related coronavirus,29775,USA,,2020-03-15
MT246482,Severe acute respiratory syndrome-related coronavirus,29844,USA,,2020-03-15
MT246483,Severe acute respiratory syndrome-related coronavirus,29765,USA,,2020-03-15
MT246463,Severe acute respiratory syndrome-related coronavirus,29782,USA,,2020-03-13
MT246464,Severe acute respiratory syndrome-related coronavirus,29818,USA,,2020-03-13
MT246465,Severe acute respiratory syndrome-related coronavirus,29781,USA,,2020-03-13
MT246466,Severe acute respiratory syndrome-related coronavirus,29897,USA,,2020-03-13
MT246467,Severe acute respiratory syndrome-related coronavirus,29899,USA,,2020-03-14
MT233526,Severe acute respiratory syndrome-related coronavirus,29847,USA,oronasopharynx,2020-01-19
MT246449,Severe acute respiratory syndrome-related coronavirus,29828,USA,,2020-03-13
MT246450,Severe acute respiratory syndrome-related coronavirus,29872,USA,,2020-03-13
MT246459,Severe acute respiratory syndrome-related coronavirus,29909,USA,,2020-03-12
MT246462,Severe acute respiratory syndrome-related coronavirus,29903,USA,,2020-03-13
MT246461,Severe acute respiratory syndrome-related coronavirus,29877,USA,,2020-03-13
MT240479,Severe acute respiratory syndrome-related coronavirus,29836,Pakistan,oronasopharynx,2020-03-04
MT233520,Severe acute respiratory syndrome-related coronavirus,29782,Spain,,2020-02-26
MT233521,Severe acute respiratory syndrome-related coronavirus,29782,Spain,oronasopharynx,2020-02-27
MT233522,Severe acute respiratory syndrome-related coronavirus,29782,Spain,,2020-03-02
MT232869,Severe acute respiratory syndrome-related coronavirus,338,Iran,oronasopharynx,2020-02-26
MT232870,Severe acute respiratory syndrome-related coronavirus,338,Iran,oronasopharynx,2020-02-26
MT232872,Severe acute respiratory syndrome-related coronavirus,158,Iran,oronasopharynx,2020-02-26
MT233519,Severe acute respiratory syndrome-related coronavirus,29782,Spain,,2020-02-27
MT233523,Severe acute respiratory syndrome-related coronavirus,29782,Spain,,2020-03-04
MT232871,Severe acute respiratory syndrome-related coronavirus,157,Iran,oronasopharynx,2020-02-26
MT226610,Severe acute respiratory syndrome-related coronavirus,29899,China,oronasopharynx,2020-01-20
MT198653,Severe acute respiratory syndrome-related coronavirus,29611,Spain,oronasopharynx,2020-03-08
MT198651,Severe acute respiratory syndrome-related coronavirus,29611,Spain,oronasopharynx,2020-03-04
MT198652,Severe acute respiratory syndrome-related coronavirus,29782,Spain,lung,2020-03-05
MT192772,Severe acute respiratory syndrome-related coronavirus,29891,Viet Nam,,2020-01-22
MT192758,Severe acute respiratory syndrome-related coronavirus,440,Italy,oronasopharynx,2020-03-06
MT192765,Severe acute respiratory syndrome-related coronavirus,29829,USA,,2020-03-11
MT192759,Severe acute respiratory syndrome-related coronavirus,29862,Taiwan,"lung, oronasopharynx",2020-01-25
MT192773,Severe acute respiratory syndrome-related coronavirus,29890,Viet Nam,,2020-01-22
MT188340,Severe acute respiratory syndrome-related coronavirus,29845,USA,,2020-03-07
MT186677,Severe acute respiratory syndrome-related coronavirus,363,Iran,,2020-02-09
MT186678,Severe acute respiratory syndrome-related coronavirus,363,Iran,,2020-02-22
MT186679,Severe acute respiratory syndrome-related coronavirus,363,Iran,,2020-03-05
MT188339,Severe acute respiratory syndrome-related coronavirus,29783,USA,,2020-03-09
MT187977,Severe acute respiratory syndrome-related coronavirus,406,Italy,oronasopharynx,2020-03
MT186676,Severe acute respiratory syndrome-related coronavirus,363,Iran,,2020-03-03
MT186681,Severe acute respiratory syndrome-related coronavirus,363,Iran,,2020-02-28
MT188341,Severe acute respiratory syndrome-related coronavirus,29835,USA,,2020-03-05
MT186680,Severe acute respiratory syndrome-related coronavirus,363,Iran,,2020-02-17
MT186682,Severe acute respiratory syndrome-related coronavirus,363,Iran,,2020-02-28
MT184908,Severe acute respiratory syndrome-related coronavirus,29880,USA,oronasopharynx,2020-02-21
MT184909,Severe acute respiratory syndrome-related coronavirus,29882,USA,oronasopharynx,2020-02-21
MT184910,Severe acute respiratory syndrome-related coronavirus,29882,USA,oronasopharynx,2020-02-18
MT184907,Severe acute respiratory syndrome-related coronavirus,29882,USA,oronasopharynx,2020-02-18
MT184911,Severe acute respiratory syndrome-related coronavirus,29882,USA,oronasopharynx,2020-02-17
MT184913,Severe acute respiratory syndrome-related coronavirus,29882,USA,oronasopharynx,2020-02-24
MT184912,Severe acute respiratory syndrome-related coronavirus,29882,USA,oronasopharynx,2020-02-17
MT163719,Severe acute respiratory syndrome-related coronavirus,29903,USA,,2020-03-01
MT163716,Severe acute respiratory syndrome-related coronavirus,29903,USA,,2020-02-27
MT163717,Severe acute respiratory syndrome-related coronavirus,29897,USA,,2020-02-28
MT163718,Severe acute respiratory syndrome-related coronavirus,29903,USA,,2020-02-29
MT163712,Severe acute respiratory syndrome-related coronavirus,87,Iran,,2020-02-29
MT163714,Severe acute respiratory syndrome-related coronavirus,399,India,,2020-02-29
MT163737,Severe acute respiratory syndrome-related coronavirus,322,Iran,oronasopharynx,2020-02-29
MT163720,Severe acute respiratory syndrome-related coronavirus,29732,USA,,2020-03-01
MT163715,Severe acute respiratory syndrome-related coronavirus,264,India,,2020-02-29
MT163721,Severe acute respiratory syndrome-related coronavirus,29325,USA,,2020-03-01
MT163738,Severe acute respiratory syndrome-related coronavirus,322,Iran,oronasopharynx,2020-02-29
MT159705,Severe acute respiratory syndrome-related coronavirus,29882,USA,oronasopharynx,2020-02-17
MT159722,Severe acute respiratory syndrome-related coronavirus,29882,USA,oronasopharynx,2020-02-21
MT159710,Severe acute respiratory syndrome-related coronavirus,29882,USA,oronasopharynx,2020-02-17
MT159715,Severe acute respiratory syndrome-related coronavirus,29882,USA,oronasopharynx,2020-02-24
MT159716,Severe acute respiratory syndrome-related coronavirus,29867,USA,oronasopharynx,2020-02-24
MT159711,Severe acute respiratory syndrome-related coronavirus,29882,USA,oronasopharynx,2020-02-20
MT159712,Severe acute respiratory syndrome-related coronavirus,29882,USA,oronasopharynx,2020-02-25
MT159717,Severe acute respiratory syndrome-related coronavirus,29882,USA,oronasopharynx,2020-02-17
MT159719,Severe acute respiratory syndrome-related coronavirus,29882,USA,oronasopharynx,2020-02-18
MT159720,Severe acute respiratory syndrome-related coronavirus,29882,USA,oronasopharynx,2020-02-21
MT159709,Severe acute respiratory syndrome-related coronavirus,29882,USA,oronasopharynx,2020-02-20
MT121215,Severe acute respiratory syndrome-related coronavirus,29945,China,oronasopharynx,2020-02-02
MT159718,Severe acute respiratory syndrome-related coronavirus,29882,USA,oronasopharynx,2020-02-18
MT159721,Severe acute respiratory syndrome-related coronavirus,29882,USA,oronasopharynx,2020-02-21
MT159708,Severe acute respiratory syndrome-related coronavirus,29882,USA,oronasopharynx,2020-02-17
MT159714,Severe acute respiratory syndrome-related coronavirus,29882,USA,oronasopharynx,2020-02-18
MT159707,Severe acute respiratory syndrome-related coronavirus,29882,USA,oronasopharynx,2020-02-17
MT066156,Severe acute respiratory syndrome-related coronavirus,29867,Italy,"lung, oronasopharynx",2020-01-30
MT159706,Severe acute respiratory syndrome-related coronavirus,29882,USA,oronasopharynx,2020-02-17
MT159778,Severe acute respiratory syndrome-related coronavirus,483,Nigeria,"lung, oronasopharynx",2020-02-27
MT161607,Severe acute respiratory syndrome-related coronavirus,253,Italy,oronasopharynx,2020-03-05
MT159713,Severe acute respiratory syndrome-related coronavirus,29882,USA,oronasopharynx,2020-02-18
LC529905,Severe acute respiratory syndrome-related coronavirus,29903,Japan,,2020-01
MT012098,Severe acute respiratory syndrome-related coronavirus,29854,India,oronasopharynx,2020-01-27
MT050493,Severe acute respiratory syndrome-related coronavirus,29851,India,oronasopharynx,2020-01-31
MT152824,Severe acute respiratory syndrome-related coronavirus,29878,USA,,2020-02-24
MT152900,Severe acute respiratory syndrome-related coronavirus,322,Iran,oronasopharynx,2020-02-26
MT135041,Severe acute respiratory syndrome-related coronavirus,29903,China,,2020-01-26
MT135042,Severe acute respiratory syndrome-related coronavirus,29903,China,,2020-01-28
MT135043,Severe acute respiratory syndrome-related coronavirus,29903,China,,2020-01-28
MT135044,Severe acute respiratory syndrome-related coronavirus,29903,China,,2020-01-28
MT126808,Severe acute respiratory syndrome-related coronavirus,29876,Brazil,oronasopharynx,2020-02-28
MT127115,Severe acute respiratory syndrome-related coronavirus,1269,Viet Nam,,2020-02-10
MT127116,Severe acute respiratory syndrome-related coronavirus,459,Viet Nam,,2020-02-10
MT127113,Severe acute respiratory syndrome-related coronavirus,615,Viet Nam,,2020-02-10
MT127114,Severe acute respiratory syndrome-related coronavirus,1411,Viet Nam,,2020-02-10
LC528233,Severe acute respiratory syndrome-related coronavirus,29902,,oronasopharynx,2020-02-10
LC528232,Severe acute respiratory syndrome-related coronavirus,29902,,oronasopharynx,2020-02-10
MT123292,Severe acute respiratory syndrome-related coronavirus,29923,China,"lung, oronasopharynx",2020-01-27
MT123290,Severe acute respiratory syndrome-related coronavirus,29891,China,oronasopharynx,2020-02-05
MT123291,Severe acute respiratory syndrome-related coronavirus,29882,China,lung,2020-01-29
MT123293,Severe acute respiratory syndrome-related coronavirus,29871,China,feces,2020-01-29
MT118835,Severe acute respiratory syndrome-related coronavirus,29882,USA,lung,2020-02-23
MT111896,Severe acute respiratory syndrome-related coronavirus,569,Australia,"lung, oronasopharynx",2020-02
MT111895,Severe acute respiratory syndrome-related coronavirus,770,Australia,"lung, oronasopharynx",2020-02
MT106053,Severe acute respiratory syndrome-related coronavirus,29882,USA,oronasopharynx,2020-02-10
MT106052,Severe acute respiratory syndrome-related coronavirus,29882,USA,oronasopharynx,2020-02-06
MT106054,Severe acute respiratory syndrome-related coronavirus,29882,USA,"lung, oronasopharynx",2020-02-11
MT093631,Severe acute respiratory syndrome-related coronavirus,29860,China,oronasopharynx,2020-01-08
MT093571,Severe acute respiratory syndrome-related coronavirus,29886,Sweden,,2020-02-07
MT081060,Severe acute respiratory syndrome-related coronavirus,1260,China,,2020-01-23
MT081063,Severe acute respiratory syndrome-related coronavirus,1260,China,,2020-01-26
MT081064,Severe acute respiratory syndrome-related coronavirus,1260,China,,2020-01-28
MT081066,Severe acute respiratory syndrome-related coronavirus,1260,China,,2020-01-30
MT081068,Severe acute respiratory syndrome-related coronavirus,1260,China,,2020-02-06
MT081061,Severe acute respiratory syndrome-related coronavirus,1260,China,,2020-01-23
MT081067,Severe acute respiratory syndrome-related coronavirus,1260,China,,2020-01-31
MT081059,Severe acute respiratory syndrome-related coronavirus,1260,China,,2020-01-22
MT081062,Severe acute respiratory syndrome-related coronavirus,1260,China,,2020-01-25
MT081065,Severe acute respiratory syndrome-related coronavirus,1260,China,,2020-01-30
MT072688,Severe acute respiratory syndrome-related coronavirus,29811,Nepal,oronasopharynx,2020-01-13
MT072668,Severe acute respiratory syndrome-related coronavirus,810,Belgium,,2020-02-03
MT072667,Severe acute respiratory syndrome-related coronavirus,670,Belgium,,2020-02-03
MT066159,Severe acute respiratory syndrome-related coronavirus,290,Malaysia,oronasopharynx,2020-01-24
MT066175,Severe acute respiratory syndrome-related coronavirus,29870,Taiwan,,2020-01-31
MT066176,Severe acute respiratory syndrome-related coronavirus,29870,Taiwan,,2020-02-05
MT066157,Severe acute respiratory syndrome-related coronavirus,290,Malaysia,oronasopharynx,2020-01-24
MT066158,Severe acute respiratory syndrome-related coronavirus,290,Malaysia,oronasopharynx,2020-01-24
LC523807,Severe acute respiratory syndrome-related coronavirus,357,Philippines,,2020-02-06
LC523808,Severe acute respiratory syndrome-related coronavirus,357,Philippines,,2020-01-26
LC523809,Severe acute respiratory syndrome-related coronavirus,357,Philippines,,2020-01-23
MT049951,Severe acute respiratory syndrome-related coronavirus,29903,China,"lung, oronasopharynx",2020-01-17
MT044257,Severe acute respiratory syndrome-related coronavirus,29882,USA,"lung, oronasopharynx",2020-01-28
MT044258,Severe acute respiratory syndrome-related coronavirus,29858,USA,oronasopharynx,2020-01-27
MT050416,Severe acute respiratory syndrome-related coronavirus,562,Australia,oronasopharynx,2020-02
MT050415,Severe acute respiratory syndrome-related coronavirus,562,Australia,oronasopharynx,2020-01
MT050417,Severe acute respiratory syndrome-related coronavirus,562,Australia,"lung, oronasopharynx",2020-02
MT042774,Severe acute respiratory syndrome-related coronavirus,294,China,swab,2020-01
MT042775,Severe acute respiratory syndrome-related coronavirus,294,China,swab,2020-01
MT042776,Severe acute respiratory syndrome-related coronavirus,294,China,swab,2020-01
MT042778,Severe acute respiratory syndrome-related coronavirus,294,China,swab,2020-01
MT042777,Severe acute respiratory syndrome-related coronavirus,294,China,swab,2020-01
MT042773,Severe acute respiratory syndrome-related coronavirus,294,China,swab,2020-01
MT050414,Severe acute respiratory syndrome-related coronavirus,562,Australia,oronasopharynx,2020-01
MT039890,Severe acute respiratory syndrome-related coronavirus,29903,South Korea,,2020-01
MT039887,Severe acute respiratory syndrome-related coronavirus,29879,USA,oronasopharynx,2020-01-31
MT039873,Severe acute respiratory syndrome-related coronavirus,29833,China,"lung, oronasopharynx",2020-01-20
MT039888,Severe acute respiratory syndrome-related coronavirus,29882,USA,oronasopharynx,2020-01-29
LC522350,Severe acute respiratory syndrome-related coronavirus,182,Philippines,,2020-01-26
MT027063,Severe acute respiratory syndrome-related coronavirus,29882,USA,oronasopharynx,2020-01-29
MT027064,Severe acute respiratory syndrome-related coronavirus,29882,USA,oronasopharynx,2020-01-29
MT027062,Severe acute respiratory syndrome-related coronavirus,29882,USA,oronasopharynx,2020-01-29
MT020881,Severe acute respiratory syndrome-related coronavirus,29882,USA,oronasopharynx,2020-01-25
MT019533,Severe acute respiratory syndrome-related coronavirus,29883,China,lung,2020-01-01
MT019531,Severe acute respiratory syndrome-related coronavirus,29899,China,lung,2019-12-30
MT019532,Severe acute respiratory syndrome-related coronavirus,29890,China,lung,2019-12-30
MT020781,Severe acute respiratory syndrome-related coronavirus,29806,Finland,,2020-01-29
MT019530,Severe acute respiratory syndrome-related coronavirus,29889,China,lung,2019-12-30
MT019529,Severe acute respiratory syndrome-related coronavirus,29899,China,lung,2019-12-23
MT020880,Severe acute respiratory syndrome-related coronavirus,29882,USA,oronasopharynx,2020-01-25
LR757996,Severe acute respiratory syndrome-related coronavirus,29868,China,,2020-01-01
LR757998,Severe acute respiratory syndrome-related coronavirus,29866,China,,2019-12-26
LR757997,Severe acute respiratory syndrome-related coronavirus,29388,China,,2019-12-31
LR757995,Severe acute respiratory syndrome-related coronavirus,29872,China,,2019-12-26
MT008023,Severe acute respiratory syndrome-related coronavirus,322,Italy,oronasopharynx,2020-01
MT007544,Severe acute respiratory syndrome-related coronavirus,29893,Australia,,2020-01-25
MT008022,Severe acute respiratory syndrome-related coronavirus,322,Italy,oronasopharynx,2020-01
MN996527,Severe acute respiratory syndrome-related coronavirus,29825,China,lung,2019-12-30
MN996528,Severe acute respiratory syndrome-related coronavirus,29891,China,lung,2019-12-30
MN996529,Severe acute respiratory syndrome-related coronavirus,29852,China,lung,2019-12-30
MN996530,Severe acute respiratory syndrome-related coronavirus,29854,China,lung,2019-12-30
MN996531,Severe acute respiratory syndrome-related coronavirus,29857,China,lung,2019-12-30
MN988669,Severe acute respiratory syndrome-related coronavirus,29881,China,,2020-01-02
MN994467,Severe acute respiratory syndrome-related coronavirus,29882,USA,oronasopharynx,2020-01-23
MN994468,Severe acute respiratory syndrome-related coronavirus,29883,USA,oronasopharynx,2020-01-22
MN997409,Severe acute respiratory syndrome-related coronavirus,29882,USA,feces,2020-01-22
MN988668,Severe acute respiratory syndrome-related coronavirus,29881,China,,2020-01-02
MN988713,Severe acute respiratory syndrome-related coronavirus,29882,USA,"lung, oronasopharynx",2020-01-21
MN938387,Severe acute respiratory syndrome-related coronavirus,107,China,oronasopharynx,2020-01
MN938389,Severe acute respiratory syndrome-related coronavirus,107,China,oronasopharynx,2020-01
MN975263,Severe acute respiratory syndrome-related coronavirus,287,China,oronasopharynx,2020-01
MN975268,Severe acute respiratory syndrome-related coronavirus,107,China,"lung, oronasopharynx",2020-01
MN975267,Severe acute respiratory syndrome-related coronavirus,107,China,oronasopharynx,2020-01
MN975262,Severe acute respiratory syndrome-related coronavirus,29891,China,"lung, oronasopharynx",2020-01-11
MN938388,Severe acute respiratory syndrome-related coronavirus,107,China,blood,2020-01
MN938390,Severe acute respiratory syndrome-related coronavirus,107,China,oronasopharynx,2020-01
MN975264,Severe acute respiratory syndrome-related coronavirus,287,China,oronasopharynx,2020-01
MN975265,Severe acute respiratory syndrome-related coronavirus,287,China,"lung, oronasopharynx",2020-01
MN975266,Severe acute respiratory syndrome-related coronavirus,107,China,oronasopharynx,2020-01
MN938386,Severe acute respiratory syndrome-related coronavirus,287,China,oronasopharynx,2020-01
MN938384,Severe acute respiratory syndrome-related coronavirus,29838,China,oronasopharynx,2020-01-10
MN938385,Severe acute respiratory syndrome-related coronavirus,287,China,oronasopharynx,2020-01
MN985325,Severe acute respiratory syndrome-related coronavirus,29882,USA,oronasopharynx,2020-01-19
MN970003,Severe acute respiratory syndrome-related coronavirus,290,Thailand,"lung, oronasopharynx",2020-01-08
MN970004,Severe acute respiratory syndrome-related coronavirus,290,Thailand,"lung, oronasopharynx",2020-01-13
MN908947,Severe acute respiratory syndrome-related coronavirus,29903,China,,2019-12
